{
 "actions": [],
 "allow_rename": 1,
 "creation": "2024-07-25 10:57:19.010460",
 "doctype": "DocType",
 "editable_grid": 1,
 "engine": "InnoDB",
 "field_order": [
  "send_to"
 ],
 "fields": [
  {
   "fieldname": "send_to",
   "fieldtype": "Data",
   "label": "Send To"
  }
 ],
 "index_web_pages_for_search": 1,
 "istable": 1,
 "links": [],
 "modified": "2024-07-25 10:58:01.616924",
 "modified_by": "Administrator",
 "module": "MBW DMS",
 "name": "DMS Note Send",
 "owner": "Administrator",
 "permissions": [],
 "sort_field": "modified",
 "sort_order": "DESC",
 "states": []
}