{
 "actions": [],
 "allow_rename": 1,
 "creation": "2024-09-27 09:37:27.260252",
 "doctype": "DocType",
 "editable_grid": 1,
 "engine": "InnoDB",
 "field_order": [
  "customer",
  "customer_code"
 ],
 "fields": [
  {
   "fieldname": "customer",
   "fieldtype": "Link",
   "label": "Customer",
   "options": "Customer"
  },
  {
   "fetch_from": "customer.customer_code",
   "fieldname": "customer_code",
   "fieldtype": "Data",
   "label": "Customer code"
  }
 ],
 "index_web_pages_for_search": 1,
 "istable": 1,
 "links": [],
 "modified": "2024-09-27 09:41:38.513104",
 "modified_by": "Administrator",
 "module": "MBW DMS",
 "name": "Customer Promotion",
 "owner": "Administrator",
 "permissions": [],
 "sort_field": "modified",
 "sort_order": "DESC",
 "states": []
}