{
 "action": "Watch Video",
 "action_label": "B\u1eaft \u0110\u1ea7u T\u1ea1o Tuy\u1ebfn B\u00e1n H\u00e0ng",
 "creation": "2024-04-13 08:08:03.845707",
 "description": "# Tuy\u1ebfn B\u00e1n H\u00e0ng\nTuy\u1ebfn B\u00e1n H\u00e0ng trong DMS l\u00e0 m\u1ed9t t\u00ednh n\u0103ng quan tr\u1ecdng gi\u00fap qu\u1ea3n l\u00fd v\u00e0 t\u1ed1i \u01b0u h\u00f3a c\u00e1c ho\u1ea1t \u0111\u1ed9ng b\u00e1n h\u00e0ng c\u1ee7a doanh nghi\u1ec7p. \n\nT\u00ednh n\u0103ng n\u00e0y th\u01b0\u1eddng bao g\u1ed3m l\u1eadp k\u1ebf ho\u1ea1ch tuy\u1ebfn b\u00e1n h\u00e0ng cho nh\u00e2n vi\u00ean b\u00e1n h\u00e0ng, \u0111\u1ecbnh tuy\u1ebfn t\u1ed1i \u01b0u d\u1ef1a tr\u00ean v\u1ecb tr\u00ed \u0111\u1ecba l\u00fd v\u00e0 \u01b0u ti\u00ean c\u1ee7a kh\u00e1ch h\u00e0ng\n\nTheo d\u00f5i hi\u1ec7u su\u1ea5t b\u00e1n h\u00e0ng v\u00e0 nhi\u1ec1u t\u00ednh n\u0103ng kh\u00e1c \u0111\u1ec3 t\u1ed1i \u01b0u h\u00f3a quy tr\u00ecnh b\u00e1n h\u00e0ng v\u00e0 t\u0103ng c\u01b0\u1eddng hi\u1ec7u qu\u1ea3 kinh doanh",
 "docstatus": 0,
 "doctype": "Onboarding Step",
 "idx": 0,
 "is_complete": 0,
 "is_single": 0,
 "is_skipped": 0,
 "modified": "2024-04-15 08:43:15.039694",
 "modified_by": "tungda@mobiwork.vn",
 "name": "T\u1ea1o Tuy\u1ebfn B\u00e1n H\u00e0ng",
 "owner": "Administrator",
 "path": "/mbw_desk/router-control",
 "show_form_tour": 0,
 "show_full_form": 0,
 "title": "T\u1ea1o Tuy\u1ebfn B\u00e1n H\u00e0ng",
 "validate_action": 1,
 "video_url": "/mbw_desk/router-control"
}