{
 "actions": [],
 "allow_rename": 1,
 "creation": "2024-09-27 09:30:27.693880",
 "doctype": "DocType",
 "editable_grid": 1,
 "engine": "InnoDB",
 "field_order": [
  "department",
  "department_name"
 ],
 "fields": [
  {
   "fieldname": "department",
   "fieldtype": "Link",
   "label": "Department",
   "options": "Department"
  },
  {
   "fetch_from": "department.department_name",
   "fieldname": "department_name",
   "fieldtype": "Data",
   "label": "Department name"
  }
 ],
 "index_web_pages_for_search": 1,
 "istable": 1,
 "links": [],
 "modified": "2024-09-27 09:36:20.855052",
 "modified_by": "Administrator",
 "module": "MBW DMS",
 "name": "Customer department",
 "owner": "Administrator",
 "permissions": [],
 "sort_field": "modified",
 "sort_order": "DESC",
 "states": []
}