{
 "action": "Watch Video",
 "action_label": "\u0110i t\u1edbi ch\u1ea5m \u0111i\u1ec3m tr\u01b0ng b\u00e0y",
 "creation": "2024-04-13 08:13:14.482111",
 "description": "# Ch\u1ea5m \u0110i\u1ec3m Tr\u01b0ng B\u00e0y\nCh\u1ea5m \u0111i\u1ec3m tr\u01b0ng b\u00e0y l\u00e0 m\u1ed9t t\u00ednh n\u0103ng gi\u00fap \u0111\u00e1nh gi\u00e1 hi\u1ec7u su\u1ea5t c\u1ee7a c\u00e1c \u0111i\u1ec3m b\u00e1n h\u00e0ng d\u1ef1a tr\u00ean c\u00e1ch h\u1ecd tr\u01b0ng b\u00e0y s\u1ea3n ph\u1ea9m. \n\nT\u00ednh n\u0103ng AI t\u1ef1 \u0111\u1ed9ng nh\u1eadn di\u1ec7n h\u00ecnh \u1ea3nh tr\u01b0ng b\u00e0y v\u00e0 \u0111\u1ebfm s\u1ed1 l\u01b0\u1ee3ng s\u1ea3n ph\u1ea9m, gi\u00fap ti\u1ebft ki\u1ec7m th\u1eddi gian v\u00e0 t\u0103ng t\u00ednh ch\u00ednh x\u00e1c trong qu\u00e1 tr\u00ecnh \u0111\u00e1nh gi\u00e1.\n\nB\u00e1o c\u00e1o t\u1ed5ng h\u1ee3p k\u1ebft qu\u1ea3 th\u1ef1c hi\u1ec7n ch\u1ea5m \u0111i\u1ec3m tr\u01b0ng b\u00e0y, cung c\u1ea5p c\u00e1i nh\u00ecn t\u1ed5ng quan v\u1ec1 hi\u1ec7u su\u1ea5t c\u1ee7a c\u00e1c \u0111i\u1ec3m b\u00e1n h\u00e0ng v\u00e0 l\u00e0 c\u01a1 s\u1edf \u0111\u1ec3 \u0111\u01b0a ra c\u00e1c bi\u1ec7n ph\u00e1p c\u1ea3i thi\u1ec7n v\u00e0 t\u1ed1i \u01b0u h\u00f3a tr\u1ea3i nghi\u1ec7m mua s\u1eafm.",
 "docstatus": 0,
 "doctype": "Onboarding Step",
 "idx": 0,
 "is_complete": 0,
 "is_single": 0,
 "is_skipped": 0,
 "modified": "2024-04-16 10:41:05.948082",
 "modified_by": "danmark133@gmail.com",
 "name": "Ch\u1ea5m \u0110i\u1ec3m Tr\u01b0ng B\u00e0y",
 "owner": "Administrator",
 "show_form_tour": 0,
 "show_full_form": 0,
 "title": "Ch\u1ea5m \u0110i\u1ec3m Tr\u01b0ng B\u00e0y",
 "validate_action": 1,
 "video_url": "/mbw_audit"
}