{
 "actions": [],
 "allow_rename": 1,
 "creation": "2024-01-19 15:24:35.656062",
 "doctype": "DocType",
 "editable_grid": 1,
 "engine": "InnoDB",
 "field_order": [
  "item_code",
  "item_name",
  "item_unit",
  "item_price",
  "quantity",
  "exp_time",
  "update_at",
  "update_byname",
  "update_bycode",
  "total_cost"
 ],
 "fields": [
  {
   "fieldname": "item_code",
   "fieldtype": "Data",
   "in_list_view": 1,
   "label": "M\u00e3 S\u1ea3n Ph\u1ea9m"
  },
  {
   "fieldname": "item_unit",
   "fieldtype": "Data",
   "label": "\u0110\u01a1n V\u1ecb T\u00ednh"
  },
  {
   "fieldname": "exp_time",
   "fieldtype": "Date",
   "in_list_view": 1,
   "label": "H\u1ea1n S\u1eed D\u1ee5ng"
  },
  {
   "fieldname": "item_name",
   "fieldtype": "Data",
   "label": "T\u00ean s\u1ea3n ph\u1ea9m"
  },
  {
   "fieldname": "item_price",
   "fieldtype": "Float",
   "label": "Gi\u00e1 s\u1ea3n ph\u1ea9m"
  },
  {
   "fieldname": "update_at",
   "fieldtype": "Date",
   "label": "Ng\u00e0y c\u1eadp nh\u1eadt"
  },
  {
   "fieldname": "update_byname",
   "fieldtype": "Data",
   "label": "Ng\u01b0\u1eddi c\u1eadp nh\u1eadt"
  },
  {
   "fieldname": "update_bycode",
   "fieldtype": "Data",
   "label": "M\u00e3 ng\u01b0\u1eddi c\u1eadp nh\u1eadt"
  },
  {
   "fieldname": "total_cost",
   "fieldtype": "Float",
   "label": "T\u1ed5ng gi\u00e1 tr\u1ecb"
  },
  {
   "fieldname": "quantity",
   "fieldtype": "Int",
   "in_list_view": 1,
   "label": "S\u1ed1 L\u01b0\u1ee3ng"
  }
 ],
 "index_web_pages_for_search": 1,
 "istable": 1,
 "links": [],
 "modified": "2024-03-12 08:54:18.488144",
 "modified_by": "Administrator",
 "module": "MBW DMS",
 "name": "DMS Inventory Items",
 "owner": "Administrator",
 "permissions": [],
 "sort_field": "modified",
 "sort_order": "DESC",
 "states": []
}