{
 "actions": [],
 "allow_rename": 1,
 "creation": "2024-04-03 15:57:03.640811",
 "doctype": "DocType",
 "editable_grid": 1,
 "engine": "InnoDB",
 "field_order": [
  "employee"
 ],
 "fields": [
  {
   "fieldname": "employee",
   "fieldtype": "Link",
   "label": "Employee",
   "options": "Employee"
  }
 ],
 "index_web_pages_for_search": 1,
 "istable": 1,
 "links": [],
 "modified": "2024-04-03 15:57:29.169454",
 "modified_by": "Administrator",
 "module": "MBW DMS",
 "name": "Sales Manager",
 "owner": "Administrator",
 "permissions": [],
 "sort_field": "modified",
 "sort_order": "DESC",
 "states": []
}