{
 "actions": [],
 "allow_rename": 1,
 "creation": "2024-04-20 08:40:32.327058",
 "doctype": "DocType",
 "editable_grid": 1,
 "engine": "InnoDB",
 "field_order": [
  "nhom_ban_hang"
 ],
 "fields": [
  {
   "fieldname": "nhom_ban_hang",
   "fieldtype": "Link",
   "in_list_view": 1,
   "label": "Nh\u00f3m b\u00e1n h\u00e0ng",
   "options": "Sales Person",
   "reqd": 1
  }
 ],
 "index_web_pages_for_search": 1,
 "istable": 1,
 "links": [],
 "modified": "2024-04-20 08:42:13.185199",
 "modified_by": "Administrator",
 "module": "MBW DMS",
 "name": "MultiPerson",
 "owner": "Administrator",
 "permissions": [],
 "sort_field": "modified",
 "sort_order": "DESC",
 "states": []
}