{
 "actions": [],
 "allow_rename": 1,
 "creation": "2024-01-05 16:26:49.938058",
 "doctype": "DocType",
 "editable_grid": 1,
 "engine": "InnoDB",
 "field_order": [
  "customer",
  "customer_code",
  "customer_name",
  "display_address",
  "phone_number",
  "frequency",
  "long",
  "lat"
 ],
 "fields": [
  {
   "fieldname": "customer",
   "fieldtype": "Data",
   "label": "Kh\u00e1ch h\u00e0ng",
   "options": "Customer"
  },
  {
   "fetch_from": "customer.customer_primary_address",
   "fieldname": "display_address",
   "fieldtype": "Data",
   "label": "\u0110\u1ecba ch\u1ec9"
  },
  {
   "fetch_from": "customer.mobile_no",
   "fieldname": "phone_number",
   "fieldtype": "Read Only",
   "label": "S\u1ed1 \u0111i\u1ec7n tho\u1ea1i"
  },
  {
   "fieldname": "frequency",
   "fieldtype": "Data",
   "in_list_view": 1,
   "label": "T\u1ea7n su\u1ea5t",
   "reqd": 1
  },
  {
   "fetch_from": "customer.customer_name",
   "fieldname": "customer_name",
   "fieldtype": "Data",
   "label": "T\u00ean kh\u00e1ch h\u00e0ng"
  },
  {
   "fetch_from": "customer.customer_code",
   "fieldname": "customer_code",
   "fieldtype": "Data",
   "label": "M\u00e3 kh\u00e1ch h\u00e0ng"
  },
  {
   "fieldname": "long",
   "fieldtype": "Float",
   "hidden": 1,
   "label": "Kinh \u0111\u1ed9"
  },
  {
   "fieldname": "lat",
   "fieldtype": "Data",
   "hidden": 1,
   "label": "V\u0129 \u0111\u1ed9"
  }
 ],
 "index_web_pages_for_search": 1,
 "istable": 1,
 "links": [],
 "modified": "2024-05-04 14:57:08.930665",
 "modified_by": "Administrator",
 "module": "MBW DMS",
 "name": "DMS Router Customer",
 "owner": "Administrator",
 "permissions": [],
 "sort_field": "modified",
 "sort_order": "DESC",
 "states": []
}