[
 {
  "docstatus": 0,
  "doctype": "Client Script",
  "dt": "Customer",
  "enabled": 1,
  "modified": "2024-04-19 09:31:08.126296",
  "module": "MBW DMS",
  "name": "Button iframe",
  "script": "async function get_api_key() {\n    let response = await frappe.call({\n        method: \"mbw_dms.api.helpers.get_dms_setting\",\n        args: {},\n        type: \"GET\"\n    })\n    \n    let rs = response.message\n    if(!rs) frappe.msgprint(__(\"Not found setting\"));\n    return rs\n}\n\n\nasync function get_industries() {\n    let response = await frappe.call({\n        method: \"mbw_dms.api.vgm.get_setting_industrys\"\n    })\n    if(!response && response.message.length ==0 ){\n         frappe.msgprint(__(\"Please setting industries\"));\n    }\n    return response.message\n}\n\nfrappe.ui.form.on('Customer', {\n\tasync refresh(frm) {\n\t\t// your code here\n\t\tlet d = new frappe.ui.Dialog({\n\t\t    fields: [\n\t\t        {\n\t\t\t\t\t\t\n\t\t\t\t\t\tfieldtype: 'HTML',\n\t\t\t\t\t\tfieldname: \"html_1\",\n\t\t\t\t\t\toptions: '<div id=\"tab1-content\" style=\"height:100vh;width:100vw;\">Tổng hợp</div>'\n\t\t\t\t\t},\n\t\t        ]\n\t\t})\n\t\td.$wrapper.find('.modal-dialog').css(\"max-width\",\"100%\");\n\t\tlet address;\n\t\tif(frm.doc.customer_primary_address) {\n\t\t    address = frm.doc.customer_primary_address.split(\"-\")[0]\n\t\t}\n\t\tlet location\n\t\tif(frm.doc.customer_location_primary) {\n\t\t    let jsonLocation = JSON.parse(frm.doc.customer_location_primary);\n\t\t    location =[jsonLocation.long,jsonLocation.lat]\n\t\t}\n\t\tlet key = await get_api_key()\n\t\tlet industries = await get_industries()\n\t\t\t\tlet data ={\n        \"info_customer\": [\n                  {\n                    \"name\":frm.doc.name,\n                    \"address\": address || \"\",\n                    \"coordinate\": location || []\n                  }\n                ],\n                \"type_categories\": industries,\n                \"isochones\": [\n                  {\n                    \"type\": \"distance\",\n                    \"vehicle\": \"bike\",\n                    \"value\": 500,\n                    \"color_outline\": \"db1616\"\n                  },\n                  {\n                    \"type\": \"time\",\n                    \"vehicle\": \"bike\",\n                    \"value\": 180,\n                    \"color_outline\": \"b915ab\"\n                  },\n                  {\n                    \"type\": \"radius\",\n                    \"value\": 1000,\n                    \"color_outline\": \"2e0beb\"\n                  }\n                ],\n            \"api_key\":key\n              }\n  \n\tlet html_1 = `<div style=\"height:90vh;width:100%;\"><iframe src=\"https://analytic.apps.vgm.ai/EmbedCode/dashboard?config_dashboard=${encodeURIComponent(JSON.stringify(data))}\" title=\"Location Intelligence\" height=\"100%\" width=\"100%\"></iframe></div>`\n\t\tfrm.add_custom_button(__('Đánh giá thị trường'), function(){\n        d.fields_dict.html_1.$wrapper.html(html_1);\n        d.show()\n    });\n\t}\n})",
  "view": "Form"
 },
 {
  "docstatus": 0,
  "doctype": "Client Script",
  "dt": "Customer",
  "enabled": 1,
  "modified": "2024-01-22 10:53:06.689361",
  "module": "MBW DMS",
  "name": "Customer Location Script",
  "script": "frappe.ui.form.on(\"Customer\", {\n  refresh: function (frm) {\n     \n  },\nonload:async function(frm) {\n    console.log('list_address',frm.doc.__onload.addr_list)\n    let primaryAddressObj = frm.doc.__onload.addr_list.find(address => address.is_primary_address == 1)\n    if(primaryAddressObj) {\n        frm.set_value('customer_location_primary',primaryAddressObj.address_location)\n        frm.doc.save()\n    }\n\n},\n\n});",
  "view": "Form"
 },
 {
  "docstatus": 0,
  "doctype": "Client Script",
  "dt": "Customer",
  "enabled": 1,
  "modified": "2024-04-19 09:30:08.971563",
  "module": "MBW DMS",
  "name": "Add Action Customer",
  "script": "async function getInfo(doc) {\n    let response = await frappe.call({\n        method: \"mbw_dms.api.vgm.get_info\",\n        args: {\n            name: doc.name\n        }\n    })\n    if(!response) {\n        frappe.msgprint(__(\"Please select items to perform the action.\"));\n    }\n    doc = response.message\n    let address;\n    if(doc.customer_primary_address) {\n        address = doc.customer_primary_address.split(\"-\")[0]\n    }\n    let location\n    if(doc.customer_location_primary) {\n        let jsonLocation = JSON.parse(doc.customer_location_primary);\n        location =[jsonLocation.long,jsonLocation.lat]\n    }\n    return {\n                \"name\":doc.name,\n                \"address\": address || \"\",\n                \"coordinate\": location || []\n              }\n}\n\nasync function get_industries() {\n    let response = await frappe.call({\n        method: \"mbw_dms.api.vgm.get_setting_industrys\"\n    })\n    if(!response && response.message.length ==0 ){\n         frappe.msgprint(__(\"Please setting industries\"));\n    }\n    return response.message\n}\n\nasync function get_api_key() {\n    let response = await frappe.call({\n        method: \"mbw_dms.api.helpers.get_dms_setting\",\n        args: {},\n        type: \"GET\"\n    })\n    \n    let rs = response.message\n    if(!rs) frappe.msgprint(__(\"Not found setting\"));\n    return rs\n}\nfrappe.listview_settings['Customer'].refresh = async function(listview) {\n\n// add button in action\nlistview.page.add_action_item(__(\"So sánh thị trường\"),async function() {\n    let d = new frappe.ui.Dialog({\n        fields: [\n            {\n                    \n                    fieldtype: 'HTML',\n                    fieldname: \"html_1\",\n                    options: '<div id=\"tab1-content\" style=\"height:100vh;width:100vw;\">Tổng hợp</div>'\n                },\n            ]\n        })\n    d.$wrapper.find('.modal-dialog').css(\"max-width\",\"100%\");\n    let key = await get_api_key()\n    let industries = await get_industries()\n    let data ={\n    \"info_customer\": [\n              \n            ],\n            \"type_categories\": industries,\n            \"isochones\": [\n              {\n                \"type\": \"distance\",\n                \"vehicle\": \"bike\",\n                \"value\": 500,\n                \"color_outline\": \"db1616\"\n              },\n              {\n                \"type\": \"time\",\n                \"vehicle\": \"bike\",\n                \"value\": 180,\n                \"color_outline\": \"b915ab\"\n              },\n              {\n                \"type\": \"radius\",\n                \"value\": 1000,\n                \"color_outline\": \"2e0beb\"\n              }\n            ],\n            \"api_key\":key\n          }\n\n     var selected_items = listview.get_checked_items();\n     let datacustomer = []\n    if (selected_items && selected_items.length > 0) {\n         datacustomer = await Promise.all(selected_items.map(async(item) => new Promise((rs,rj) => {\n            return rs(getInfo(item))\n        })))\n    } else {\n        frappe.msgprint(__(\"Please select items to perform the action.\"));\n    }\n    data['info_customer'] = datacustomer\n    let html_1 = `<div style=\"height:90vh;width:100%;\"><iframe src=\"https://analytic.apps.vgm.ai/EmbedCode/dashboard?config_dashboard=${encodeURIComponent(JSON.stringify(data))}\" title=\"Location Intelligence\" height=\"100%\" width=\"100%\"></iframe></div>`\n    d.fields_dict.html_1.$wrapper.html(html_1);\n    d.show()\n});\n}",
  "view": "List"
 },
 {
  "docstatus": 0,
  "doctype": "Client Script",
  "dt": "Customer",
  "enabled": 1,
  "modified": "2024-09-23 10:07:07.868749",
  "module": "MBW DMS",
  "name": "Show location Customer",
  "script": "frappe.ui.form.on('Customer', {\n\t onload: function(frm) {\n        // Kiểm tra nếu developer_mode được bật\n        if (frappe.boot.developer_mode) {\n            frm.set_df_property('customer_location_primary', 'hidden', 0); // Hiển thị field 'location'\n        } else {\n            frm.set_df_property('customer_location_primary', 'hidden', 1); // Ẩn field 'location'\n        }\n    }\n})",
  "view": "Form"
 }
]