[
 {
  "allow_in_quick_entry": 0,
  "allow_on_submit": 0,
  "bold": 0,
  "collapsible": 0,
  "collapsible_depends_on": null,
  "columns": 0,
  "default": null,
  "depends_on": null,
  "description": null,
  "docstatus": 0,
  "doctype": "Custom Field",
  "dt": "Employee",
  "fetch_from": null,
  "fetch_if_empty": 0,
  "fieldname": "object_id",
  "fieldtype": "Data",
  "hidden": 1,
  "hide_border": 0,
  "hide_days": 0,
  "hide_seconds": 0,
  "ignore_user_permissions": 0,
  "ignore_xss_filter": 0,
  "in_global_search": 0,
  "in_list_view": 0,
  "in_preview": 0,
  "in_standard_filter": 0,
  "insert_after": null,
  "is_system_generated": 0,
  "is_virtual": 0,
  "label": "Object ID",
  "length": 0,
  "link_filters": null,
  "mandatory_depends_on": null,
  "modified": "2024-03-08 13:58:03.930815",
  "module": "MBW DMS",
  "name": "Employee-custom_object_id",
  "no_copy": 0,
  "non_negative": 0,
  "options": null,
  "permlevel": 0,
  "precision": "",
  "print_hide": 0,
  "print_hide_if_no_value": 0,
  "print_width": null,
  "read_only": 0,
  "read_only_depends_on": null,
  "report_hide": 0,
  "reqd": 0,
  "search_index": 0,
  "show_dashboard": 0,
  "sort_options": 0,
  "translatable": 1,
  "unique": 0,
  "width": null
 },
 {
  "allow_in_quick_entry": 0,
  "allow_on_submit": 0,
  "bold": 0,
  "collapsible": 0,
  "collapsible_depends_on": null,
  "columns": 0,
  "default": null,
  "depends_on": null,
  "description": null,
  "docstatus": 0,
  "doctype": "Custom Field",
  "dt": "Sales Order",
  "fetch_from": "customer.custom_sales_manager",
  "fetch_if_empty": 0,
  "fieldname": "custom_sales_manager",
  "fieldtype": "Link",
  "hidden": 1,
  "hide_border": 0,
  "hide_days": 0,
  "hide_seconds": 0,
  "ignore_user_permissions": 0,
  "ignore_xss_filter": 0,
  "in_global_search": 0,
  "in_list_view": 0,
  "in_preview": 0,
  "in_standard_filter": 0,
  "insert_after": null,
  "is_system_generated": 0,
  "is_virtual": 0,
  "label": "Sales Manager",
  "length": 0,
  "link_filters": null,
  "mandatory_depends_on": null,
  "modified": "2024-04-04 15:17:00.114283",
  "module": "MBW DMS",
  "name": "Sales Order-custom_sales_manager",
  "no_copy": 0,
  "non_negative": 0,
  "options": "Sales Person",
  "permlevel": 0,
  "precision": "",
  "print_hide": 0,
  "print_hide_if_no_value": 0,
  "print_width": null,
  "read_only": 0,
  "read_only_depends_on": null,
  "report_hide": 0,
  "reqd": 0,
  "search_index": 0,
  "show_dashboard": 0,
  "sort_options": 0,
  "translatable": 0,
  "unique": 0,
  "width": null
 },
 {
  "allow_in_quick_entry": 0,
  "allow_on_submit": 0,
  "bold": 0,
  "collapsible": 0,
  "collapsible_depends_on": null,
  "columns": 0,
  "default": null,
  "depends_on": null,
  "description": null,
  "docstatus": 0,
  "doctype": "Custom Field",
  "dt": "Sales Invoice",
  "fetch_from": "customer.custom_sales_manager",
  "fetch_if_empty": 0,
  "fieldname": "custom_sales_manager",
  "fieldtype": "Link",
  "hidden": 1,
  "hide_border": 0,
  "hide_days": 0,
  "hide_seconds": 0,
  "ignore_user_permissions": 0,
  "ignore_xss_filter": 0,
  "in_global_search": 0,
  "in_list_view": 0,
  "in_preview": 0,
  "in_standard_filter": 0,
  "insert_after": null,
  "is_system_generated": 0,
  "is_virtual": 0,
  "label": "Sales Manager",
  "length": 0,
  "link_filters": null,
  "mandatory_depends_on": null,
  "modified": "2024-04-04 15:33:56.654504",
  "module": "MBW DMS",
  "name": "Sales Invoice-custom_sales_manager",
  "no_copy": 0,
  "non_negative": 0,
  "options": "Sales Person",
  "permlevel": 0,
  "precision": "",
  "print_hide": 0,
  "print_hide_if_no_value": 0,
  "print_width": null,
  "read_only": 0,
  "read_only_depends_on": null,
  "report_hide": 0,
  "reqd": 0,
  "search_index": 0,
  "show_dashboard": 0,
  "sort_options": 0,
  "translatable": 0,
  "unique": 0,
  "width": null
 },
 {
  "allow_in_quick_entry": 0,
  "allow_on_submit": 0,
  "bold": 0,
  "collapsible": 0,
  "collapsible_depends_on": null,
  "columns": 0,
  "default": null,
  "depends_on": null,
  "description": null,
  "docstatus": 0,
  "doctype": "Custom Field",
  "dt": "Blanket Order",
  "fetch_from": "customer.custom_sales_manager",
  "fetch_if_empty": 0,
  "fieldname": "custom_sales_manager",
  "fieldtype": "Link",
  "hidden": 1,
  "hide_border": 0,
  "hide_days": 0,
  "hide_seconds": 0,
  "ignore_user_permissions": 0,
  "ignore_xss_filter": 0,
  "in_global_search": 0,
  "in_list_view": 0,
  "in_preview": 0,
  "in_standard_filter": 0,
  "insert_after": null,
  "is_system_generated": 0,
  "is_virtual": 0,
  "label": "Sales Manager",
  "length": 0,
  "link_filters": null,
  "mandatory_depends_on": null,
  "modified": "2024-04-04 15:35:32.074032",
  "module": "MBW DMS",
  "name": "Blanket Order-custom_sales_manager",
  "no_copy": 0,
  "non_negative": 0,
  "options": "Sales Person",
  "permlevel": 0,
  "precision": "",
  "print_hide": 0,
  "print_hide_if_no_value": 0,
  "print_width": null,
  "read_only": 0,
  "read_only_depends_on": null,
  "report_hide": 0,
  "reqd": 0,
  "search_index": 0,
  "show_dashboard": 0,
  "sort_options": 0,
  "translatable": 0,
  "unique": 0,
  "width": null
 },
 {
  "allow_in_quick_entry": 0,
  "allow_on_submit": 0,
  "bold": 0,
  "collapsible": 0,
  "collapsible_depends_on": null,
  "columns": 0,
  "default": null,
  "depends_on": null,
  "description": null,
  "docstatus": 0,
  "doctype": "Custom Field",
  "dt": "Quotation",
  "fetch_from": null,
  "fetch_if_empty": 0,
  "fieldname": "custom_sales_manager",
  "fieldtype": "Link",
  "hidden": 1,
  "hide_border": 0,
  "hide_days": 0,
  "hide_seconds": 0,
  "ignore_user_permissions": 0,
  "ignore_xss_filter": 0,
  "in_global_search": 0,
  "in_list_view": 0,
  "in_preview": 0,
  "in_standard_filter": 0,
  "insert_after": null,
  "is_system_generated": 0,
  "is_virtual": 0,
  "label": "Sales Manager",
  "length": 0,
  "link_filters": null,
  "mandatory_depends_on": null,
  "modified": "2024-04-04 16:24:00.033615",
  "module": "MBW DMS",
  "name": "Quotation-custom_sales_manager",
  "no_copy": 0,
  "non_negative": 0,
  "options": "Sales Person",
  "permlevel": 0,
  "precision": "",
  "print_hide": 0,
  "print_hide_if_no_value": 0,
  "print_width": null,
  "read_only": 0,
  "read_only_depends_on": null,
  "report_hide": 0,
  "reqd": 0,
  "search_index": 0,
  "show_dashboard": 0,
  "sort_options": 0,
  "translatable": 0,
  "unique": 0,
  "width": null
 },
 {
  "allow_in_quick_entry": 0,
  "allow_on_submit": 0,
  "bold": 0,
  "collapsible": 0,
  "collapsible_depends_on": null,
  "columns": 0,
  "default": null,
  "depends_on": null,
  "description": null,
  "docstatus": 0,
  "doctype": "Custom Field",
  "dt": "Customer",
  "fetch_from": null,
  "fetch_if_empty": 0,
  "fieldname": "has_sales_order",
  "fieldtype": "Check",
  "hidden": 0,
  "hide_border": 0,
  "hide_days": 0,
  "hide_seconds": 0,
  "ignore_user_permissions": 0,
  "ignore_xss_filter": 0,
  "in_global_search": 0,
  "in_list_view": 0,
  "in_preview": 0,
  "in_standard_filter": 0,
  "insert_after": null,
  "is_system_generated": 0,
  "is_virtual": 0,
  "label": "Has sales order",
  "length": 0,
  "link_filters": null,
  "mandatory_depends_on": null,
  "modified": "2024-03-19 15:34:48.299510",
  "module": "MBW DMS",
  "name": "Customer-custom_has_sales_order",
  "no_copy": 0,
  "non_negative": 0,
  "options": null,
  "permlevel": 0,
  "precision": "",
  "print_hide": 0,
  "print_hide_if_no_value": 0,
  "print_width": null,
  "read_only": 0,
  "read_only_depends_on": null,
  "report_hide": 0,
  "reqd": 0,
  "search_index": 0,
  "show_dashboard": 0,
  "sort_options": 0,
  "translatable": 0,
  "unique": 0,
  "width": null
 },
 {
  "allow_in_quick_entry": 0,
  "allow_on_submit": 0,
  "bold": 0,
  "collapsible": 0,
  "collapsible_depends_on": null,
  "columns": 0,
  "default": null,
  "depends_on": null,
  "description": null,
  "docstatus": 0,
  "doctype": "Custom Field",
  "dt": "Sales Person",
  "fetch_from": null,
  "fetch_if_empty": 0,
  "fieldname": "sales_manager",
  "fieldtype": "Table",
  "hidden": 0,
  "hide_border": 0,
  "hide_days": 0,
  "hide_seconds": 0,
  "ignore_user_permissions": 0,
  "ignore_xss_filter": 0,
  "in_global_search": 0,
  "in_list_view": 0,
  "in_preview": 0,
  "in_standard_filter": 0,
  "insert_after": null,
  "is_system_generated": 0,
  "is_virtual": 0,
  "label": "Sales Manager",
  "length": 0,
  "link_filters": null,
  "mandatory_depends_on": null,
  "modified": "2024-04-03 15:58:29.613137",
  "module": "MBW DMS",
  "name": "Sales Person-custom_sales_manager",
  "no_copy": 0,
  "non_negative": 0,
  "options": "Sales Manager",
  "permlevel": 0,
  "precision": "",
  "print_hide": 0,
  "print_hide_if_no_value": 0,
  "print_width": null,
  "read_only": 0,
  "read_only_depends_on": null,
  "report_hide": 0,
  "reqd": 0,
  "search_index": 0,
  "show_dashboard": 0,
  "sort_options": 0,
  "translatable": 0,
  "unique": 0,
  "width": null
 },
 {
  "allow_in_quick_entry": 0,
  "allow_on_submit": 0,
  "bold": 0,
  "collapsible": 0,
  "collapsible_depends_on": null,
  "columns": 0,
  "default": null,
  "depends_on": null,
  "description": null,
  "docstatus": 0,
  "doctype": "Custom Field",
  "dt": "Customer",
  "fetch_from": null,
  "fetch_if_empty": 0,
  "fieldname": "custom_sales_manager",
  "fieldtype": "Link",
  "hidden": 0,
  "hide_border": 0,
  "hide_days": 0,
  "hide_seconds": 0,
  "ignore_user_permissions": 0,
  "ignore_xss_filter": 0,
  "in_global_search": 1,
  "in_list_view": 0,
  "in_preview": 0,
  "in_standard_filter": 0,
  "insert_after": "has_sales_order",
  "is_system_generated": 0,
  "is_virtual": 0,
  "label": "Sales Manager",
  "length": 0,
  "link_filters": null,
  "mandatory_depends_on": null,
  "modified": "2024-04-03 16:12:34.006354",
  "module": "MBW DMS",
  "name": "Customer-custom_sales_manager",
  "no_copy": 0,
  "non_negative": 0,
  "options": "Sales Person",
  "permlevel": 0,
  "precision": "",
  "print_hide": 0,
  "print_hide_if_no_value": 0,
  "print_width": null,
  "read_only": 0,
  "read_only_depends_on": null,
  "report_hide": 0,
  "reqd": 1,
  "search_index": 0,
  "show_dashboard": 0,
  "sort_options": 0,
  "translatable": 0,
  "unique": 0,
  "width": null
 },
 {
  "allow_in_quick_entry": 0,
  "allow_on_submit": 0,
  "bold": 0,
  "collapsible": 0,
  "collapsible_depends_on": null,
  "columns": 0,
  "default": null,
  "depends_on": null,
  "description": null,
  "docstatus": 0,
  "doctype": "Custom Field",
  "dt": "Address",
  "fetch_from": null,
  "fetch_if_empty": 0,
  "fieldname": "checkin_id",
  "fieldtype": "Data",
  "hidden": 1,
  "hide_border": 0,
  "hide_days": 0,
  "hide_seconds": 0,
  "ignore_user_permissions": 0,
  "ignore_xss_filter": 0,
  "in_global_search": 0,
  "in_list_view": 0,
  "in_preview": 0,
  "in_standard_filter": 0,
  "insert_after": "address_title",
  "is_system_generated": 0,
  "is_virtual": 0,
  "label": "Checkin Id",
  "length": 0,
  "link_filters": null,
  "mandatory_depends_on": null,
  "modified": "2024-05-22 15:28:38.768705",
  "module": "MBW DMS",
  "name": "Address-custom_checkin_id",
  "no_copy": 0,
  "non_negative": 0,
  "options": null,
  "permlevel": 0,
  "precision": "",
  "print_hide": 0,
  "print_hide_if_no_value": 0,
  "print_width": null,
  "read_only": 0,
  "read_only_depends_on": null,
  "report_hide": 0,
  "reqd": 0,
  "search_index": 0,
  "show_dashboard": 0,
  "sort_options": 0,
  "translatable": 1,
  "unique": 0,
  "width": null
 },
 {
  "allow_in_quick_entry": 0,
  "allow_on_submit": 0,
  "bold": 0,
  "collapsible": 0,
  "collapsible_depends_on": null,
  "columns": 0,
  "default": null,
  "depends_on": null,
  "description": null,
  "docstatus": 0,
  "doctype": "Custom Field",
  "dt": "Customer",
  "fetch_from": null,
  "fetch_if_empty": 0,
  "fieldname": "device_id",
  "fieldtype": "Data",
  "hidden": 0,
  "hide_border": 0,
  "hide_days": 0,
  "hide_seconds": 0,
  "ignore_user_permissions": 0,
  "ignore_xss_filter": 0,
  "in_global_search": 0,
  "in_list_view": 0,
  "in_preview": 0,
  "in_standard_filter": 0,
  "insert_after": "custom_sales_manager",
  "is_system_generated": 0,
  "is_virtual": 0,
  "label": "Device ID",
  "length": 0,
  "link_filters": null,
  "mandatory_depends_on": null,
  "modified": "2024-03-19 13:37:43.281228",
  "module": "MBW DMS",
  "name": "Customer-custom_device_id",
  "no_copy": 0,
  "non_negative": 0,
  "options": null,
  "permlevel": 0,
  "precision": "",
  "print_hide": 0,
  "print_hide_if_no_value": 0,
  "print_width": null,
  "read_only": 0,
  "read_only_depends_on": null,
  "report_hide": 0,
  "reqd": 0,
  "search_index": 0,
  "show_dashboard": 0,
  "sort_options": 0,
  "translatable": 1,
  "unique": 0,
  "width": null
 },
 {
  "allow_in_quick_entry": 0,
  "allow_on_submit": 0,
  "bold": 0,
  "collapsible": 0,
  "collapsible_depends_on": null,
  "columns": 0,
  "default": null,
  "depends_on": null,
  "description": null,
  "docstatus": 0,
  "doctype": "Custom Field",
  "dt": "Sales Team",
  "fetch_from": null,
  "fetch_if_empty": 0,
  "fieldname": "created_by",
  "fieldtype": "Check",
  "hidden": 0,
  "hide_border": 0,
  "hide_days": 0,
  "hide_seconds": 0,
  "ignore_user_permissions": 0,
  "ignore_xss_filter": 0,
  "in_global_search": 0,
  "in_list_view": 0,
  "in_preview": 0,
  "in_standard_filter": 0,
  "insert_after": "allocated_percentage",
  "is_system_generated": 0,
  "is_virtual": 0,
  "label": "Created by",
  "length": 0,
  "link_filters": null,
  "mandatory_depends_on": null,
  "modified": "2024-05-07 08:39:39.453819",
  "module": "MBW DMS",
  "name": "Sales Team-custom_created_by",
  "no_copy": 0,
  "non_negative": 0,
  "options": null,
  "permlevel": 0,
  "precision": "",
  "print_hide": 0,
  "print_hide_if_no_value": 0,
  "print_width": null,
  "read_only": 0,
  "read_only_depends_on": null,
  "report_hide": 0,
  "reqd": 0,
  "search_index": 0,
  "show_dashboard": 0,
  "sort_options": 0,
  "translatable": 0,
  "unique": 0,
  "width": null
 },
 {
  "allow_in_quick_entry": 0,
  "allow_on_submit": 0,
  "bold": 0,
  "collapsible": 0,
  "collapsible_depends_on": null,
  "columns": 0,
  "default": null,
  "depends_on": null,
  "description": null,
  "docstatus": 0,
  "doctype": "Custom Field",
  "dt": "Note",
  "fetch_from": null,
  "fetch_if_empty": 0,
  "fieldname": "custom_checkin_id",
  "fieldtype": "Data",
  "hidden": 0,
  "hide_border": 0,
  "hide_days": 0,
  "hide_seconds": 0,
  "ignore_user_permissions": 0,
  "ignore_xss_filter": 0,
  "in_global_search": 0,
  "in_list_view": 0,
  "in_preview": 0,
  "in_standard_filter": 0,
  "insert_after": "content",
  "is_system_generated": 0,
  "is_virtual": 0,
  "label": "Checkin ID",
  "length": 0,
  "link_filters": null,
  "mandatory_depends_on": null,
  "modified": "2024-01-30 15:28:00.355454",
  "module": "MBW DMS",
  "name": "Note-custom_checkin_id",
  "no_copy": 0,
  "non_negative": 0,
  "options": null,
  "permlevel": 0,
  "precision": "",
  "print_hide": 0,
  "print_hide_if_no_value": 0,
  "print_width": null,
  "read_only": 0,
  "read_only_depends_on": null,
  "report_hide": 0,
  "reqd": 0,
  "search_index": 0,
  "show_dashboard": 0,
  "sort_options": 0,
  "translatable": 1,
  "unique": 0,
  "width": null
 },
 {
  "allow_in_quick_entry": 0,
  "allow_on_submit": 0,
  "bold": 0,
  "collapsible": 0,
  "collapsible_depends_on": null,
  "columns": 0,
  "default": null,
  "depends_on": null,
  "description": null,
  "docstatus": 0,
  "doctype": "Custom Field",
  "dt": "Customer",
  "fetch_from": null,
  "fetch_if_empty": 0,
  "fieldname": "customer_code",
  "fieldtype": "Data",
  "hidden": 0,
  "hide_border": 0,
  "hide_days": 0,
  "hide_seconds": 0,
  "ignore_user_permissions": 0,
  "ignore_xss_filter": 0,
  "in_global_search": 0,
  "in_list_view": 1,
  "in_preview": 0,
  "in_standard_filter": 0,
  "insert_after": "salutation",
  "is_system_generated": 0,
  "is_virtual": 0,
  "label": "Customer ID",
  "length": 0,
  "link_filters": null,
  "mandatory_depends_on": null,
  "modified": "2024-01-25 14:35:07.832131",
  "module": "MBW DMS",
  "name": "Customer-custom_customer_id",
  "no_copy": 0,
  "non_negative": 0,
  "options": null,
  "permlevel": 0,
  "precision": "",
  "print_hide": 0,
  "print_hide_if_no_value": 0,
  "print_width": null,
  "read_only": 0,
  "read_only_depends_on": null,
  "report_hide": 0,
  "reqd": 1,
  "search_index": 0,
  "show_dashboard": 0,
  "sort_options": 0,
  "translatable": 1,
  "unique": 0,
  "width": null
 },
 {
  "allow_in_quick_entry": 0,
  "allow_on_submit": 0,
  "bold": 0,
  "collapsible": 0,
  "collapsible_depends_on": null,
  "columns": 0,
  "default": null,
  "depends_on": null,
  "description": null,
  "docstatus": 0,
  "doctype": "Custom Field",
  "dt": "Note",
  "fetch_from": null,
  "fetch_if_empty": 0,
  "fieldname": "custom_memory_send_to",
  "fieldtype": "Table",
  "hidden": 0,
  "hide_border": 0,
  "hide_days": 0,
  "hide_seconds": 0,
  "ignore_user_permissions": 0,
  "ignore_xss_filter": 0,
  "in_global_search": 0,
  "in_list_view": 0,
  "in_preview": 0,
  "in_standard_filter": 0,
  "insert_after": "custom_checkin_id",
  "is_system_generated": 0,
  "is_virtual": 0,
  "label": "Memory Send To",
  "length": 0,
  "link_filters": null,
  "mandatory_depends_on": null,
  "modified": "2024-07-25 11:00:43.317639",
  "module": "MBW DMS",
  "name": "Note-custom_memory_send_to",
  "no_copy": 0,
  "non_negative": 0,
  "options": "DMS Note Send",
  "permlevel": 0,
  "precision": "",
  "print_hide": 0,
  "print_hide_if_no_value": 0,
  "print_width": null,
  "read_only": 0,
  "read_only_depends_on": null,
  "report_hide": 0,
  "reqd": 0,
  "search_index": 0,
  "show_dashboard": 0,
  "sort_options": 0,
  "translatable": 0,
  "unique": 0,
  "width": null
 },
 {
  "allow_in_quick_entry": 0,
  "allow_on_submit": 0,
  "bold": 0,
  "collapsible": 0,
  "collapsible_depends_on": null,
  "columns": 0,
  "default": null,
  "depends_on": null,
  "description": null,
  "docstatus": 0,
  "doctype": "Custom Field",
  "dt": "Customer",
  "fetch_from": null,
  "fetch_if_empty": 0,
  "fieldname": "sfa_customer_type",
  "fieldtype": "Link",
  "hidden": 0,
  "hide_border": 0,
  "hide_days": 0,
  "hide_seconds": 0,
  "ignore_user_permissions": 0,
  "ignore_xss_filter": 0,
  "in_global_search": 0,
  "in_list_view": 0,
  "in_preview": 0,
  "in_standard_filter": 0,
  "insert_after": "customer_type",
  "is_system_generated": 0,
  "is_virtual": 0,
  "label": "SFA Customer Type",
  "length": 0,
  "link_filters": null,
  "mandatory_depends_on": null,
  "modified": "2024-05-10 09:15:23.233266",
  "module": "MBW DMS",
  "name": "Customer-custom_sfa_customer_type",
  "no_copy": 0,
  "non_negative": 0,
  "options": "DMS Customer Type",
  "permlevel": 0,
  "precision": "",
  "print_hide": 0,
  "print_hide_if_no_value": 0,
  "print_width": null,
  "read_only": 0,
  "read_only_depends_on": null,
  "report_hide": 0,
  "reqd": 0,
  "search_index": 0,
  "show_dashboard": 0,
  "sort_options": 0,
  "translatable": 0,
  "unique": 0,
  "width": null
 },
 {
  "allow_in_quick_entry": 0,
  "allow_on_submit": 0,
  "bold": 0,
  "collapsible": 0,
  "collapsible_depends_on": null,
  "columns": 0,
  "default": null,
  "depends_on": null,
  "description": null,
  "docstatus": 0,
  "doctype": "Custom Field",
  "dt": "Sales Person",
  "fetch_from": null,
  "fetch_if_empty": 0,
  "fieldname": "object_id",
  "fieldtype": "Data",
  "hidden": 0,
  "hide_border": 0,
  "hide_days": 0,
  "hide_seconds": 0,
  "ignore_user_permissions": 0,
  "ignore_xss_filter": 0,
  "in_global_search": 0,
  "in_list_view": 0,
  "in_preview": 0,
  "in_standard_filter": 0,
  "insert_after": "employee",
  "is_system_generated": 0,
  "is_virtual": 0,
  "label": "Object Id",
  "length": 0,
  "link_filters": null,
  "mandatory_depends_on": null,
  "modified": "2024-09-25 09:35:19.647826",
  "module": "MBW DMS",
  "name": "Sales Person-custom_object_id",
  "no_copy": 0,
  "non_negative": 0,
  "options": null,
  "permlevel": 0,
  "precision": "",
  "print_hide": 0,
  "print_hide_if_no_value": 0,
  "print_width": null,
  "read_only": 0,
  "read_only_depends_on": null,
  "report_hide": 0,
  "reqd": 0,
  "search_index": 0,
  "show_dashboard": 0,
  "sort_options": 0,
  "translatable": 1,
  "unique": 0,
  "width": null
 },
 {
  "allow_in_quick_entry": 0,
  "allow_on_submit": 0,
  "bold": 0,
  "collapsible": 0,
  "collapsible_depends_on": null,
  "columns": 0,
  "default": null,
  "depends_on": null,
  "description": null,
  "docstatus": 0,
  "doctype": "Custom Field",
  "dt": "Customer",
  "fetch_from": null,
  "fetch_if_empty": 0,
  "fieldname": "sfa_sale_channel",
  "fieldtype": "Link",
  "hidden": 0,
  "hide_border": 0,
  "hide_days": 0,
  "hide_seconds": 0,
  "ignore_user_permissions": 0,
  "ignore_xss_filter": 0,
  "in_global_search": 0,
  "in_list_view": 0,
  "in_preview": 0,
  "in_standard_filter": 0,
  "insert_after": "sfa_customer_type",
  "is_system_generated": 0,
  "is_virtual": 0,
  "label": "SFA Sale Channel",
  "length": 0,
  "link_filters": null,
  "mandatory_depends_on": null,
  "modified": "2024-05-10 09:16:42.483779",
  "module": "MBW DMS",
  "name": "Customer-custom_sfa_sale_channel",
  "no_copy": 0,
  "non_negative": 0,
  "options": "DMS Sales Channel",
  "permlevel": 0,
  "precision": "",
  "print_hide": 0,
  "print_hide_if_no_value": 0,
  "print_width": null,
  "read_only": 0,
  "read_only_depends_on": null,
  "report_hide": 0,
  "reqd": 0,
  "search_index": 0,
  "show_dashboard": 0,
  "sort_options": 0,
  "translatable": 0,
  "unique": 0,
  "width": null
 },
 {
  "allow_in_quick_entry": 0,
  "allow_on_submit": 0,
  "bold": 0,
  "collapsible": 0,
  "collapsible_depends_on": null,
  "columns": 0,
  "default": null,
  "depends_on": null,
  "description": null,
  "docstatus": 0,
  "doctype": "Custom Field",
  "dt": "Customer",
  "fetch_from": null,
  "fetch_if_empty": 0,
  "fieldname": "custom_birthday",
  "fieldtype": "Date",
  "hidden": 0,
  "hide_border": 0,
  "hide_days": 0,
  "hide_seconds": 0,
  "ignore_user_permissions": 0,
  "ignore_xss_filter": 0,
  "in_global_search": 0,
  "in_list_view": 0,
  "in_preview": 0,
  "in_standard_filter": 0,
  "insert_after": "default_currency",
  "is_system_generated": 0,
  "is_virtual": 0,
  "label": "Birthday",
  "length": 0,
  "link_filters": null,
  "mandatory_depends_on": null,
  "modified": "2024-01-04 10:51:59.763697",
  "module": "MBW DMS",
  "name": "Customer-custom_birthday",
  "no_copy": 0,
  "non_negative": 0,
  "options": null,
  "permlevel": 0,
  "precision": "",
  "print_hide": 0,
  "print_hide_if_no_value": 0,
  "print_width": null,
  "read_only": 0,
  "read_only_depends_on": null,
  "report_hide": 0,
  "reqd": 0,
  "search_index": 0,
  "show_dashboard": 0,
  "sort_options": 0,
  "translatable": 0,
  "unique": 0,
  "width": null
 },
 {
  "allow_in_quick_entry": 0,
  "allow_on_submit": 0,
  "bold": 0,
  "collapsible": 0,
  "collapsible_depends_on": null,
  "columns": 0,
  "default": null,
  "depends_on": null,
  "description": null,
  "docstatus": 0,
  "doctype": "Custom Field",
  "dt": "Address",
  "fetch_from": null,
  "fetch_if_empty": 0,
  "fieldname": "address_location",
  "fieldtype": "Data",
  "hidden": 0,
  "hide_border": 0,
  "hide_days": 0,
  "hide_seconds": 0,
  "ignore_user_permissions": 0,
  "ignore_xss_filter": 0,
  "in_global_search": 0,
  "in_list_view": 0,
  "in_preview": 0,
  "in_standard_filter": 0,
  "insert_after": "links",
  "is_system_generated": 0,
  "is_virtual": 0,
  "label": "Address Location",
  "length": 0,
  "link_filters": null,
  "mandatory_depends_on": null,
  "modified": "2024-05-04 09:41:09.087203",
  "module": "MBW DMS",
  "name": "Address-custom_address_location",
  "no_copy": 0,
  "non_negative": 0,
  "options": null,
  "permlevel": 0,
  "precision": "",
  "print_hide": 0,
  "print_hide_if_no_value": 0,
  "print_width": null,
  "read_only": 0,
  "read_only_depends_on": null,
  "report_hide": 0,
  "reqd": 0,
  "search_index": 0,
  "show_dashboard": 0,
  "sort_options": 0,
  "translatable": 1,
  "unique": 0,
  "width": null
 },
 {
  "allow_in_quick_entry": 0,
  "allow_on_submit": 0,
  "bold": 0,
  "collapsible": 0,
  "collapsible_depends_on": null,
  "columns": 0,
  "default": null,
  "depends_on": null,
  "description": null,
  "docstatus": 0,
  "doctype": "Custom Field",
  "dt": "Customer",
  "fetch_from": null,
  "fetch_if_empty": 0,
  "fieldname": "on_map",
  "fieldtype": "Geolocation",
  "hidden": 0,
  "hide_border": 0,
  "hide_days": 0,
  "hide_seconds": 0,
  "ignore_user_permissions": 0,
  "ignore_xss_filter": 0,
  "in_global_search": 0,
  "in_list_view": 0,
  "in_preview": 0,
  "in_standard_filter": 0,
  "insert_after": "custom_birthday",
  "is_system_generated": 0,
  "is_virtual": 0,
  "label": "On map",
  "length": 0,
  "link_filters": null,
  "mandatory_depends_on": null,
  "modified": "2024-01-17 09:22:54.863625",
  "module": "MBW DMS",
  "name": "Customer-custom_on_map",
  "no_copy": 0,
  "non_negative": 0,
  "options": null,
  "permlevel": 0,
  "precision": "",
  "print_hide": 0,
  "print_hide_if_no_value": 0,
  "print_width": null,
  "read_only": 0,
  "read_only_depends_on": null,
  "report_hide": 0,
  "reqd": 0,
  "search_index": 0,
  "show_dashboard": 0,
  "sort_options": 0,
  "translatable": 0,
  "unique": 0,
  "width": null
 },
 {
  "allow_in_quick_entry": 0,
  "allow_on_submit": 0,
  "bold": 0,
  "collapsible": 0,
  "collapsible_depends_on": null,
  "columns": 0,
  "default": null,
  "depends_on": null,
  "description": null,
  "docstatus": 0,
  "doctype": "Custom Field",
  "dt": "Address",
  "fetch_from": null,
  "fetch_if_empty": 0,
  "fieldname": "custom_address_on_map",
  "fieldtype": "Geolocation",
  "hidden": 0,
  "hide_border": 0,
  "hide_days": 0,
  "hide_seconds": 0,
  "ignore_user_permissions": 0,
  "ignore_xss_filter": 0,
  "in_global_search": 0,
  "in_list_view": 0,
  "in_preview": 0,
  "in_standard_filter": 0,
  "insert_after": "address_location",
  "is_system_generated": 0,
  "is_virtual": 0,
  "label": "Address On Map",
  "length": 0,
  "link_filters": null,
  "mandatory_depends_on": null,
  "modified": "2024-01-22 10:18:05.680595",
  "module": "MBW DMS",
  "name": "Address-custom_address_on_map",
  "no_copy": 0,
  "non_negative": 0,
  "options": null,
  "permlevel": 0,
  "precision": "",
  "print_hide": 0,
  "print_hide_if_no_value": 0,
  "print_width": null,
  "read_only": 0,
  "read_only_depends_on": null,
  "report_hide": 0,
  "reqd": 0,
  "search_index": 0,
  "show_dashboard": 0,
  "sort_options": 0,
  "translatable": 0,
  "unique": 0,
  "width": null
 },
 {
  "allow_in_quick_entry": 0,
  "allow_on_submit": 0,
  "bold": 0,
  "collapsible": 0,
  "collapsible_depends_on": null,
  "columns": 0,
  "default": null,
  "depends_on": null,
  "description": null,
  "docstatus": 0,
  "doctype": "Custom Field",
  "dt": "Customer",
  "fetch_from": null,
  "fetch_if_empty": 0,
  "fieldname": "custom_addresses",
  "fieldtype": "Data",
  "hidden": 0,
  "hide_border": 0,
  "hide_days": 0,
  "hide_seconds": 0,
  "ignore_user_permissions": 0,
  "ignore_xss_filter": 0,
  "in_global_search": 0,
  "in_list_view": 0,
  "in_preview": 0,
  "in_standard_filter": 0,
  "insert_after": "default_bank_account",
  "is_system_generated": 0,
  "is_virtual": 0,
  "label": "Addresses",
  "length": 0,
  "link_filters": null,
  "mandatory_depends_on": null,
  "modified": "2024-01-17 09:37:48.808014",
  "module": "MBW DMS",
  "name": "Customer-custom_addresses",
  "no_copy": 0,
  "non_negative": 0,
  "options": null,
  "permlevel": 0,
  "precision": "",
  "print_hide": 0,
  "print_hide_if_no_value": 0,
  "print_width": null,
  "read_only": 0,
  "read_only_depends_on": null,
  "report_hide": 0,
  "reqd": 0,
  "search_index": 0,
  "show_dashboard": 0,
  "sort_options": 0,
  "translatable": 1,
  "unique": 0,
  "width": null
 },
 {
  "allow_in_quick_entry": 0,
  "allow_on_submit": 0,
  "bold": 0,
  "collapsible": 0,
  "collapsible_depends_on": null,
  "columns": 0,
  "default": null,
  "depends_on": null,
  "description": null,
  "docstatus": 0,
  "doctype": "Custom Field",
  "dt": "Item",
  "fetch_from": null,
  "fetch_if_empty": 0,
  "fieldname": "custom_industry",
  "fieldtype": "Link",
  "hidden": 0,
  "hide_border": 0,
  "hide_days": 0,
  "hide_seconds": 0,
  "ignore_user_permissions": 0,
  "ignore_xss_filter": 0,
  "in_global_search": 0,
  "in_list_view": 0,
  "in_preview": 0,
  "in_standard_filter": 0,
  "insert_after": "brand",
  "is_system_generated": 0,
  "is_virtual": 0,
  "label": "Industry",
  "length": 0,
  "link_filters": null,
  "mandatory_depends_on": null,
  "modified": "2023-12-13 14:22:38.840665",
  "module": "MBW DMS",
  "name": "Item-custom_industry",
  "no_copy": 0,
  "non_negative": 0,
  "options": "Industry Type",
  "permlevel": 0,
  "precision": "",
  "print_hide": 0,
  "print_hide_if_no_value": 0,
  "print_width": null,
  "read_only": 0,
  "read_only_depends_on": null,
  "report_hide": 0,
  "reqd": 0,
  "search_index": 0,
  "show_dashboard": 0,
  "sort_options": 0,
  "translatable": 0,
  "unique": 0,
  "width": null
 },
 {
  "allow_in_quick_entry": 0,
  "allow_on_submit": 0,
  "bold": 0,
  "collapsible": 0,
  "collapsible_depends_on": null,
  "columns": 0,
  "default": null,
  "depends_on": null,
  "description": null,
  "docstatus": 0,
  "doctype": "Custom Field",
  "dt": "Customer",
  "fetch_from": null,
  "fetch_if_empty": 0,
  "fieldname": "location",
  "fieldtype": "JSON",
  "hidden": 1,
  "hide_border": 0,
  "hide_days": 0,
  "hide_seconds": 0,
  "ignore_user_permissions": 0,
  "ignore_xss_filter": 0,
  "in_global_search": 0,
  "in_list_view": 0,
  "in_preview": 0,
  "in_standard_filter": 0,
  "insert_after": "address_html",
  "is_system_generated": 0,
  "is_virtual": 0,
  "label": "Location",
  "length": 0,
  "link_filters": null,
  "mandatory_depends_on": null,
  "modified": "2024-01-15 14:59:34.617237",
  "module": "MBW DMS",
  "name": "Customer-custom_location",
  "no_copy": 0,
  "non_negative": 0,
  "options": null,
  "permlevel": 0,
  "precision": "",
  "print_hide": 0,
  "print_hide_if_no_value": 0,
  "print_width": null,
  "read_only": 0,
  "read_only_depends_on": null,
  "report_hide": 0,
  "reqd": 0,
  "search_index": 0,
  "show_dashboard": 0,
  "sort_options": 0,
  "translatable": 0,
  "unique": 0,
  "width": null
 },
 {
  "allow_in_quick_entry": 0,
  "allow_on_submit": 0,
  "bold": 0,
  "collapsible": 0,
  "collapsible_depends_on": null,
  "columns": 0,
  "default": null,
  "depends_on": null,
  "description": null,
  "docstatus": 0,
  "doctype": "Custom Field",
  "dt": "Customer",
  "fetch_from": null,
  "fetch_if_empty": 0,
  "fieldname": "customer_location_primary",
  "fieldtype": "Data",
  "hidden": 1,
  "hide_border": 0,
  "hide_days": 0,
  "hide_seconds": 0,
  "ignore_user_permissions": 0,
  "ignore_xss_filter": 0,
  "in_global_search": 0,
  "in_list_view": 0,
  "in_preview": 0,
  "in_standard_filter": 0,
  "insert_after": "customer_primary_address",
  "is_system_generated": 0,
  "is_virtual": 0,
  "label": "Customer location primary",
  "length": 0,
  "link_filters": null,
  "mandatory_depends_on": null,
  "modified": "2024-01-22 10:55:22.156717",
  "module": "MBW DMS",
  "name": "Customer-custom_customer_location_primary",
  "no_copy": 0,
  "non_negative": 0,
  "options": null,
  "permlevel": 0,
  "precision": "",
  "print_hide": 0,
  "print_hide_if_no_value": 0,
  "print_width": null,
  "read_only": 0,
  "read_only_depends_on": null,
  "report_hide": 0,
  "reqd": 0,
  "search_index": 0,
  "show_dashboard": 0,
  "sort_options": 0,
  "translatable": 1,
  "unique": 0,
  "width": null
 },
 {
  "allow_in_quick_entry": 0,
  "allow_on_submit": 0,
  "bold": 0,
  "collapsible": 0,
  "collapsible_depends_on": null,
  "columns": 0,
  "default": null,
  "depends_on": null,
  "description": null,
  "docstatus": 0,
  "doctype": "Custom Field",
  "dt": "Item",
  "fetch_from": null,
  "fetch_if_empty": 0,
  "fieldname": "custom_images",
  "fieldtype": "Tab Break",
  "hidden": 0,
  "hide_border": 0,
  "hide_days": 0,
  "hide_seconds": 0,
  "ignore_user_permissions": 0,
  "ignore_xss_filter": 0,
  "in_global_search": 0,
  "in_list_view": 0,
  "in_preview": 0,
  "in_standard_filter": 0,
  "insert_after": "total_projected_qty",
  "is_system_generated": 0,
  "is_virtual": 0,
  "label": "Images",
  "length": 0,
  "link_filters": null,
  "mandatory_depends_on": null,
  "modified": "2024-03-05 13:29:47.397440",
  "module": "MBW DMS",
  "name": "Item-custom_images",
  "no_copy": 0,
  "non_negative": 0,
  "options": null,
  "permlevel": 0,
  "precision": "",
  "print_hide": 0,
  "print_hide_if_no_value": 0,
  "print_width": null,
  "read_only": 0,
  "read_only_depends_on": null,
  "report_hide": 0,
  "reqd": 0,
  "search_index": 0,
  "show_dashboard": 0,
  "sort_options": 0,
  "translatable": 0,
  "unique": 0,
  "width": null
 },
 {
  "allow_in_quick_entry": 0,
  "allow_on_submit": 0,
  "bold": 0,
  "collapsible": 0,
  "collapsible_depends_on": null,
  "columns": 0,
  "default": null,
  "depends_on": null,
  "description": null,
  "docstatus": 0,
  "doctype": "Custom Field",
  "dt": "Item",
  "fetch_from": null,
  "fetch_if_empty": 0,
  "fieldname": "custom_images_item",
  "fieldtype": "Table",
  "hidden": 0,
  "hide_border": 0,
  "hide_days": 0,
  "hide_seconds": 0,
  "ignore_user_permissions": 0,
  "ignore_xss_filter": 0,
  "in_global_search": 0,
  "in_list_view": 0,
  "in_preview": 0,
  "in_standard_filter": 0,
  "insert_after": "custom_images",
  "is_system_generated": 0,
  "is_virtual": 0,
  "label": "Images Item",
  "length": 0,
  "link_filters": null,
  "mandatory_depends_on": null,
  "modified": "2024-03-12 15:46:44.061340",
  "module": "MBW DMS",
  "name": "Item-custom_images_item",
  "no_copy": 0,
  "non_negative": 0,
  "options": "Items Images",
  "permlevel": 0,
  "precision": "",
  "print_hide": 0,
  "print_hide_if_no_value": 0,
  "print_width": null,
  "read_only": 0,
  "read_only_depends_on": null,
  "report_hide": 0,
  "reqd": 0,
  "search_index": 0,
  "show_dashboard": 0,
  "sort_options": 0,
  "translatable": 0,
  "unique": 0,
  "width": null
 },
 {
  "allow_in_quick_entry": 0,
  "allow_on_submit": 0,
  "bold": 0,
  "collapsible": 0,
  "collapsible_depends_on": null,
  "columns": 0,
  "default": "",
  "depends_on": null,
  "description": null,
  "docstatus": 0,
  "doctype": "Custom Field",
  "dt": "Item",
  "fetch_from": null,
  "fetch_if_empty": 0,
  "fieldname": "custom_test_preview",
  "fieldtype": "HTML",
  "hidden": 0,
  "hide_border": 0,
  "hide_days": 0,
  "hide_seconds": 0,
  "ignore_user_permissions": 0,
  "ignore_xss_filter": 0,
  "in_global_search": 0,
  "in_list_view": 0,
  "in_preview": 0,
  "in_standard_filter": 0,
  "insert_after": "custom_images_item",
  "is_system_generated": 0,
  "is_virtual": 0,
  "label": "preview",
  "length": 0,
  "link_filters": null,
  "mandatory_depends_on": null,
  "modified": "2024-03-05 16:25:03.616208",
  "module": "MBW DMS",
  "name": "Item-custom_test_preview",
  "no_copy": 0,
  "non_negative": 0,
  "options": "<img style=\"width: 300px;height:300px;\" src=\"https://i.pinimg.com/564x/01/2f/04/012f049b019d7f340e824a16ce31285d.jpg\"><img style=\"width: 300px;height:300px;\" src=\"https://i.pinimg.com/564x/01/2f/04/012f049b019d7f340e824a16ce31285d.jpg\">",
  "permlevel": 0,
  "precision": "",
  "print_hide": 0,
  "print_hide_if_no_value": 0,
  "print_width": null,
  "read_only": 0,
  "read_only_depends_on": null,
  "report_hide": 0,
  "reqd": 0,
  "search_index": 0,
  "show_dashboard": 0,
  "sort_options": 0,
  "translatable": 0,
  "unique": 0,
  "width": null
 },
 {
  "allow_in_quick_entry": 0,
  "allow_on_submit": 0,
  "bold": 0,
  "collapsible": 0,
  "collapsible_depends_on": null,
  "columns": 0,
  "default": null,
  "depends_on": null,
  "description": null,
  "docstatus": 0,
  "doctype": "Custom Field",
  "dt": "Sales Order",
  "fetch_from": null,
  "fetch_if_empty": 0,
  "fieldname": "checkin_id",
  "fieldtype": "Data",
  "hidden": 0,
  "hide_border": 0,
  "hide_days": 0,
  "hide_seconds": 0,
  "ignore_user_permissions": 0,
  "ignore_xss_filter": 0,
  "in_global_search": 0,
  "in_list_view": 0,
  "in_preview": 0,
  "in_standard_filter": 0,
  "insert_after": "connections_tab",
  "is_system_generated": 0,
  "is_virtual": 0,
  "label": "Check in",
  "length": 0,
  "link_filters": null,
  "mandatory_depends_on": null,
  "modified": "2024-01-25 16:07:01.281180",
  "module": "MBW DMS",
  "name": "Sales Order-custom_check_in",
  "no_copy": 0,
  "non_negative": 0,
  "options": null,
  "permlevel": 0,
  "precision": "",
  "print_hide": 0,
  "print_hide_if_no_value": 0,
  "print_width": null,
  "read_only": 0,
  "read_only_depends_on": null,
  "report_hide": 0,
  "reqd": 0,
  "search_index": 0,
  "show_dashboard": 0,
  "sort_options": 0,
  "translatable": 1,
  "unique": 0,
  "width": null
 },
 {
  "allow_in_quick_entry": 0,
  "allow_on_submit": 0,
  "bold": 0,
  "collapsible": 0,
  "collapsible_depends_on": null,
  "columns": 0,
  "default": null,
  "depends_on": null,
  "description": null,
  "docstatus": 0,
  "doctype": "Custom Field",
  "dt": "Sales Invoice",
  "fetch_from": null,
  "fetch_if_empty": 0,
  "fieldname": "checkin_id",
  "fieldtype": "Data",
  "hidden": 0,
  "hide_border": 0,
  "hide_days": 0,
  "hide_seconds": 0,
  "ignore_user_permissions": 0,
  "ignore_xss_filter": 0,
  "in_global_search": 0,
  "in_list_view": 0,
  "in_preview": 0,
  "in_standard_filter": 0,
  "insert_after": "connections_tab",
  "is_system_generated": 0,
  "is_virtual": 0,
  "label": "Check in",
  "length": 0,
  "link_filters": null,
  "mandatory_depends_on": null,
  "modified": "2024-01-25 16:18:48.768795",
  "module": "MBW DMS",
  "name": "Sales Invoice-custom_check_in",
  "no_copy": 0,
  "non_negative": 0,
  "options": null,
  "permlevel": 0,
  "precision": "",
  "print_hide": 0,
  "print_hide_if_no_value": 0,
  "print_width": null,
  "read_only": 0,
  "read_only_depends_on": null,
  "report_hide": 0,
  "reqd": 0,
  "search_index": 0,
  "show_dashboard": 0,
  "sort_options": 0,
  "translatable": 1,
  "unique": 0,
  "width": null
 }
]