{
 "charts": [
  {
   "chart_name": "Top Customers",
   "label": "Kh\u00e1ch h\u00e0ng doanh s\u1ed1 cao nh\u1ea5t"
  },
  {
   "chart_name": "Sales Order Trends",
   "label": "Doanh s\u1ed1"
  },
  {
   "chart_name": "Profit and Loss",
   "label": "L\u00e3i & L\u1ed7"
  }
 ],
 "content": "[{\"id\":\"_LKEBuivWr\",\"type\":\"onboarding\",\"data\":{\"onboarding_name\":\"DMS\",\"col\":12}},{\"id\":\"kB7wjE6nMV\",\"type\":\"number_card\",\"data\":{\"number_card_name\":\"\u0110\u01a1n H\u00e0ng\",\"col\":3}},{\"id\":\"vkK4KOtlTu\",\"type\":\"number_card\",\"data\":{\"number_card_name\":\"Gi\u00e1 tr\u1ecb t\u1ed3n kho\",\"col\":3}},{\"id\":\"7RS_Yx6cNi\",\"type\":\"number_card\",\"data\":{\"number_card_name\":\"Doanh Thu\",\"col\":3}},{\"id\":\"ehwMiMcEOi\",\"type\":\"number_card\",\"data\":{\"number_card_name\":\"Nh\u00e2n vi\u00ean\",\"col\":3}},{\"id\":\"Mhz4unYSpm\",\"type\":\"chart\",\"data\":{\"chart_name\":\"Kh\u00e1ch h\u00e0ng doanh s\u1ed1 cao nh\u1ea5t\",\"col\":12}},{\"id\":\"KCHHZuZmKr\",\"type\":\"chart\",\"data\":{\"chart_name\":\"Doanh s\u1ed1\",\"col\":6}},{\"id\":\"Y0S0j-3pKT\",\"type\":\"chart\",\"data\":{\"chart_name\":\"L\u00e3i & L\u1ed7\",\"col\":6}},{\"id\":\"X3_s1a8hqy\",\"type\":\"paragraph\",\"data\":{\"text\":\"<span class=\\\"h4\\\"><b>Your Shortcut</b></span>\",\"col\":12}},{\"id\":\"FfNze3DCzh\",\"type\":\"shortcut\",\"data\":{\"shortcut_name\":\"Sales Order\",\"col\":4}},{\"id\":\"rhmv7Megti\",\"type\":\"shortcut\",\"data\":{\"shortcut_name\":\"Item\",\"col\":4}},{\"id\":\"a2J4I86bYe\",\"type\":\"shortcut\",\"data\":{\"shortcut_name\":\"Customer\",\"col\":4}},{\"id\":\"U-fT3n3tWH\",\"type\":\"paragraph\",\"data\":{\"text\":\"<span class=\\\"h4\\\"><b>Report &amp; Masters</b></span>\",\"col\":12}},{\"id\":\"D06bWLNFkz\",\"type\":\"custom_block\",\"data\":{\"custom_block_name\":\"DMS Router Web\",\"col\":4}},{\"id\":\"8mTBqrsAyp\",\"type\":\"card\",\"data\":{\"card_name\":\"Danh m\u1ee5c kh\u00e1c\",\"col\":4}},{\"id\":\"p0j0M9QJKr\",\"type\":\"card\",\"data\":{\"card_name\":\"C\u1ea5u h\u00ecnh\",\"col\":4}},{\"id\":\"4S3r7ZKW7P\",\"type\":\"card\",\"data\":{\"card_name\":\"B\u00e1o c\u00e1o ch\u00ednh\",\"col\":4}},{\"id\":\"vE9N32WLLI\",\"type\":\"card\",\"data\":{\"card_name\":\"B\u00e1o c\u00e1o kh\u00e1c\",\"col\":4}}]",
 "creation": "2024-04-13 08:43:09.840522",
 "custom_blocks": [
  {
   "custom_block_name": "DMS Router Web",
   "label": "DMS Router Web"
  }
 ],
 "docstatus": 0,
 "doctype": "Workspace",
 "for_user": "",
 "hide_custom": 0,
 "icon": "color-monthly-rank",
 "idx": 0,
 "indicator_color": "green",
 "is_hidden": 0,
 "label": "DMS",
 "links": [
  {
   "hidden": 0,
   "is_query_report": 0,
   "label": "C\u1ea5u h\u00ecnh",
   "link_count": 2,
   "link_type": "DocType",
   "onboard": 0,
   "type": "Card Break"
  },
  {
   "hidden": 0,
   "is_query_report": 0,
   "label": "C\u1ea5u h\u00ecnh h\u1ec7 th\u1ed1ng",
   "link_count": 0,
   "link_to": "DMS Settings",
   "link_type": "DocType",
   "onboard": 0,
   "type": "Link"
  },
  {
   "hidden": 0,
   "is_query_report": 0,
   "label": "M\u00f4 h\u00ecnh t\u1ed5 ch\u1ee9c (Sale Person)",
   "link_count": 0,
   "link_to": "Sales Person",
   "link_type": "DocType",
   "onboard": 0,
   "type": "Link"
  },
  {
   "hidden": 0,
   "is_query_report": 0,
   "label": "Danh m\u1ee5c kh\u00e1c",
   "link_count": 5,
   "link_type": "DocType",
   "onboard": 0,
   "type": "Card Break"
  },
  {
   "hidden": 0,
   "is_query_report": 0,
   "label": "Album \u1ea3nh",
   "link_count": 0,
   "link_to": "DMS Album",
   "link_type": "DocType",
   "onboard": 0,
   "type": "Link"
  },
  {
   "hidden": 0,
   "is_query_report": 0,
   "label": "T\u1ec9nh th\u00e0nh",
   "link_count": 0,
   "link_to": "DMS Province",
   "link_type": "DocType",
   "onboard": 0,
   "type": "Link"
  },
  {
   "hidden": 0,
   "is_query_report": 0,
   "label": "Qu\u1eadn huy\u1ec7n",
   "link_count": 0,
   "link_to": "DMS District",
   "link_type": "DocType",
   "onboard": 0,
   "type": "Link"
  },
  {
   "hidden": 0,
   "is_query_report": 0,
   "label": "Ph\u01b0\u1eddng x\u00e3",
   "link_count": 0,
   "link_to": "DMS Ward",
   "link_type": "DocType",
   "onboard": 0,
   "type": "Link"
  },
  {
   "hidden": 0,
   "is_query_report": 0,
   "label": "DMS KPI",
   "link_count": 0,
   "link_to": "DMS KPI",
   "link_type": "DocType",
   "onboard": 0,
   "type": "Link"
  },
  {
   "hidden": 0,
   "is_query_report": 0,
   "label": "B\u00e1o c\u00e1o ch\u00ednh",
   "link_count": 9,
   "link_type": "DocType",
   "onboard": 0,
   "type": "Card Break"
  },
  {
   "hidden": 0,
   "is_query_report": 1,
   "label": "Ph\u00e2n t\u00edch b\u00e1n h\u00e0ng",
   "link_count": 0,
   "link_to": "Sales Analytics",
   "link_type": "Report",
   "onboard": 1,
   "type": "Link"
  },
  {
   "hidden": 0,
   "is_query_report": 1,
   "label": "Ph\u00e2n t\u00edch \u0111\u01a1n \u0111\u1eb7t h\u00e0ng",
   "link_count": 0,
   "link_to": "Sales Order Analysis",
   "link_type": "Report",
   "onboard": 1,
   "type": "Link"
  },
  {
   "hidden": 0,
   "is_query_report": 1,
   "label": "Ph\u1ec5u b\u00e1n h\u00e0ng",
   "link_count": 0,
   "link_to": "sales-funnel",
   "link_type": "Page",
   "onboard": 1,
   "type": "Link"
  },
  {
   "hidden": 0,
   "is_query_report": 1,
   "label": "Xu h\u01b0\u1edbng \u0111\u1eb7t h\u00e0ng",
   "link_count": 0,
   "link_to": "Sales Order Trends",
   "link_type": "Report",
   "onboard": 1,
   "type": "Link"
  },
  {
   "hidden": 0,
   "is_query_report": 1,
   "label": "Xu h\u01b0\u1edbng b\u00e1o gi\u00e1",
   "link_count": 0,
   "link_to": "Quotation Trends",
   "link_type": "Report",
   "onboard": 1,
   "type": "Link"
  },
  {
   "hidden": 0,
   "is_query_report": 1,
   "label": "Kh\u00e1ch quay l\u1ea1i v\u00e0 kh\u00e1ch trung th\u00e0nh",
   "link_count": 0,
   "link_to": "Customer Acquisition and Loyalty",
   "link_type": "Report",
   "onboard": 1,
   "type": "Link"
  },
  {
   "hidden": 0,
   "is_query_report": 1,
   "label": "Kh\u00e1ch h\u00e0ng kh\u00f4ng ho\u1ea1t \u0111\u1ed9ng",
   "link_count": 0,
   "link_to": "Inactive Customers",
   "link_type": "Report",
   "onboard": 1,
   "type": "Link"
  },
  {
   "hidden": 0,
   "is_query_report": 1,
   "label": "T\u00f3m t\u1eaft giao d\u1ecbch c\u1ee7a nh\u00e2n vi\u00ean b\u00e1n h\u00e0ng",
   "link_count": 0,
   "link_to": "Sales Person-wise Transaction Summary",
   "link_type": "Report",
   "onboard": 1,
   "type": "Link"
  },
  {
   "hidden": 0,
   "is_query_report": 1,
   "label": "L\u1ecbch s\u1eed b\u00e1n h\u00e0ng theo s\u1ea3n ph\u1ea9m",
   "link_count": 0,
   "link_to": "Item-wise Sales History",
   "link_type": "Report",
   "onboard": 1,
   "type": "Link"
  },
  {
   "hidden": 0,
   "is_query_report": 0,
   "label": "B\u00e1o c\u00e1o kh\u00e1c",
   "link_count": 9,
   "link_type": "DocType",
   "onboard": 0,
   "type": "Card Break"
  },
  {
   "hidden": 0,
   "is_query_report": 1,
   "label": "\u0110\u1ecba ch\u1ec9 v\u00e0 Li\u00ean h\u1ec7",
   "link_count": 0,
   "link_to": "Address And Contacts",
   "link_type": "Report",
   "onboard": 1,
   "type": "Link"
  },
  {
   "hidden": 0,
   "is_query_report": 1,
   "label": "H\u00e0ng c\u00f3 s\u1eb5n \u0111\u1ec3 \u0111\u00f3ng g\u00f3i s\u1ea3n ph\u1ea9m",
   "link_count": 0,
   "link_to": "Available Stock for Packing Items",
   "link_type": "Report",
   "onboard": 1,
   "type": "Link"
  },
  {
   "hidden": 0,
   "is_query_report": 1,
   "label": "C\u00e1c s\u1ea3n ph\u1ea9m \u0111ang ch\u1edd \u0111\u01a1n \u0111\u1eb7t h\u00e0ng \u0111\u1ec3 t\u1ea1o y\u00eau c\u1ea7u mua h\u00e0ng",
   "link_count": 0,
   "link_to": "Pending SO Items For Purchase Request",
   "link_type": "Report",
   "onboard": 1,
   "type": "Link"
  },
  {
   "hidden": 0,
   "is_query_report": 1,
   "label": "Xu h\u01b0\u1edbng phi\u1ebfu giao h\u00e0ng",
   "link_count": 0,
   "link_to": "Delivery Note Trends",
   "link_type": "Report",
   "onboard": 1,
   "type": "Link"
  },
  {
   "hidden": 0,
   "is_query_report": 0,
   "label": "Xu h\u01b0\u1edbng h\u00f3a \u0111\u01a1n b\u00e1n h\u00e0ng",
   "link_count": 0,
   "link_to": "Sales Invoice Trends",
   "link_type": "Report",
   "onboard": 0,
   "type": "Link"
  },
  {
   "hidden": 0,
   "is_query_report": 1,
   "label": "S\u1ed1 d\u01b0 t\u00edn d\u1ee5ng c\u1ee7a kh\u00e1ch h\u00e0ng",
   "link_count": 0,
   "link_to": "Customer Credit Balance",
   "link_type": "Report",
   "onboard": 1,
   "type": "Link"
  },
  {
   "hidden": 0,
   "is_query_report": 1,
   "label": "Kh\u00e1ch h\u00e0ng kh\u00f4ng c\u00f3 b\u1ea5t k\u1ef3 giao d\u1ecbch b\u00e1n h\u00e0ng n\u00e0o",
   "link_count": 0,
   "link_to": "Customers Without Any Sales Transactions",
   "link_type": "Report",
   "onboard": 1,
   "type": "Link"
  },
  {
   "hidden": 0,
   "is_query_report": 1,
   "label": "M\u1ee5c ti\u00eau b\u00e1n h\u00e0ng theo khu v\u1ef1c d\u1ef1a tr\u00ean nh\u00f3m s\u1ea3n ph\u1ea9m",
   "link_count": 0,
   "link_to": "Territory Target Variance Based On Item Group",
   "link_type": "Report",
   "onboard": 1,
   "type": "Link"
  },
  {
   "hidden": 0,
   "is_query_report": 1,
   "label": "KPI b\u00e1n h\u00e0ng c\u1ee7a nh\u00e2n vi\u00ean b\u00e1n h\u00e0ng theo nh\u00f3m s\u1ea3n ph\u1ea9m",
   "link_count": 0,
   "link_to": "Sales Person Target Variance Based On Item Group",
   "link_type": "Report",
   "onboard": 1,
   "type": "Link"
  }
 ],
 "modified": "2024-05-15 09:06:40.435273",
 "modified_by": "tungda@mobiwork.vn",
 "module": "MBW DMS",
 "name": "DMS",
 "number_cards": [
  {
   "label": "\u0110\u01a1n H\u00e0ng",
   "number_card_name": "Sales Orders to Bill"
  },
  {
   "label": "Gi\u00e1 tr\u1ecb t\u1ed3n kho",
   "number_card_name": "Total Stock Value"
  },
  {
   "label": "Doanh Thu",
   "number_card_name": "Total Outgoing Bills"
  },
  {
   "label": "Nh\u00e2n vi\u00ean",
   "number_card_name": "Total Employees"
  }
 ],
 "owner": "Administrator",
 "parent_page": "",
 "public": 1,
 "quick_lists": [],
 "roles": [],
 "sequence_id": 1.0,
 "shortcuts": [
  {
   "color": "Grey",
   "doc_view": "List",
   "label": "Sales Order",
   "link_to": "Sales Order",
   "stats_filter": "[]",
   "type": "DocType"
  },
  {
   "color": "Grey",
   "doc_view": "List",
   "label": "Item",
   "link_to": "Item",
   "stats_filter": "[]",
   "type": "DocType"
  },
  {
   "color": "Grey",
   "doc_view": "List",
   "label": "Customer",
   "link_to": "Customer",
   "stats_filter": "[]",
   "type": "DocType"
  }
 ],
 "title": "DMS"
}