{
 "action": "Go to Page",
 "action_label": "\u0110i \u0111\u1ebfn \u0111\u00e1nh gi\u00e1 th\u1ecb tr\u01b0\u1eddng",
 "creation": "2024-04-13 08:14:20.549837",
 "description": "# \u0110\u00e1nh gi\u00e1 ti\u1ec1m n\u0103ng th\u1ecb tr\u01b0\u1eddng\n\u0110\u00e1nh gi\u00e1 ti\u1ec1m n\u0103ng kinh doanh c\u1ee7a m\u1ed9t c\u1eeda h\u00e0ng, \u0111\u1ecba \u0111i\u1ec3m kinh doanh th\u00f4ng qua ph\u00e2n t\u00edch d\u1eef li\u1ec7u th\u1ecb tr\u01b0\u1eddng khu v\u1ef1c xung quanh, v\u1edbi \u0111\u1ea7y \u0111\u1ee7 th\u00f4ng tin v\u1ec1 nh\u00e2n kh\u1ea9u h\u1ecdc, m\u1eadt \u0111\u1ed9 d\u00e2n c\u01b0, m\u1eadt \u0111\u1ed9 c\u1ea1nh tranh, \u0111i\u1ec3m quan t\u00e2m, giao th\u00f4ng,\u2026\n\n\u0110\u1ecbnh v\u1ecb khu v\u1ef1c th\u1ecb tr\u01b0\u1eddng c\u1ee7a m\u1ed9t c\u1eeda h\u00e0ng, \u0111\u1ecba \u0111i\u1ec3m kinh doanh gi\u00fap ph\u00e2n t\u00edch \u0111\u1ea7y \u0111\u1ee7 c\u00e1c y\u1ebfu t\u1ed1 \u1ea3nh h\u01b0\u1edfng \u0111\u1ebfn ho\u1ea1t \u0111\u1ed9ng kinh doanh c\u1ee7a c\u1eeda h\u00e0ng, \u0111\u1ecba \u0111i\u1ec3m kinh doanh: Chung c\u01b0, nh\u00e0 cao t\u1ea7ng, b\u1ec7nh vi\u1ec7n, tr\u01b0\u1eddng h\u1ecdc, \u2026\nD\u1ec5 d\u00e0ng s\u1eed d\u1ee5ng v\u00e0 thi\u1ebft l\u1eadp c\u00e1c \u0111\u1ed1i th\u1ee7 c\u1ea1nh tranh, th\u00f4ng tin li\u00ean quan \u0111\u1ec3 ph\u00e2n t\u00edch \u0111\u00e1nh gi\u00e1.\n\nPh\u00e2n t\u00edch s\u1ee9c mua theo nh\u00e2n kh\u1ea9u h\u1ecdc, \u0111\u1ed1i th\u1ee7 c\u1ea1nh tranh\n\nCh\u1ea5m \u0111i\u1ec3m ti\u1ec1m n\u0103ng kinh doanh c\u1ee7a c\u1eeda h\u00e0ng, \u0111\u1ecba \u0111i\u1ec3m kinh doanh",
 "docstatus": 0,
 "doctype": "Onboarding Step",
 "idx": 0,
 "is_complete": 0,
 "is_single": 0,
 "is_skipped": 0,
 "modified": "2024-05-07 13:58:19.616463",
 "modified_by": "ngocsondds@gmail.com",
 "name": "\u0110\u00e1nh Gi\u00e1 Th\u1ecb Tr\u01b0\u1eddng",
 "owner": "Administrator",
 "path": "/app/customer",
 "show_form_tour": 0,
 "show_full_form": 0,
 "title": "\u0110\u00e1nh Gi\u00e1 Th\u1ecb Tr\u01b0\u1eddng",
 "validate_action": 1
}