{
 "actions": [],
 "allow_rename": 1,
 "creation": "2024-03-05 11:12:09.246709",
 "doctype": "DocType",
 "editable_grid": 1,
 "engine": "InnoDB",
 "field_order": [
  "column_break_axep",
  "link_image"
 ],
 "fields": [
  {
   "fieldname": "column_break_axep",
   "fieldtype": "Column Break",
   "options": "link_image"
  },
  {
   "fieldname": "link_image",
   "fieldtype": "Data",
   "label": "Link image"
  }
 ],
 "index_web_pages_for_search": 1,
 "istable": 1,
 "links": [],
 "modified": "2024-03-05 13:30:55.228063",
 "modified_by": "Administrator",
 "module": "MBW DMS",
 "name": "Items Images",
 "owner": "Administrator",
 "permissions": [],
 "sort_field": "modified",
 "sort_order": "DESC",
 "states": []
}