{
 "actions": [],
 "allow_rename": 1,
 "creation": "2024-03-27 16:51:49.149807",
 "doctype": "DocType",
 "editable_grid": 1,
 "engine": "InnoDB",
 "field_order": [
  "nganh_hang",
  "industry_type"
 ],
 "fields": [
  {
   "fieldname": "nganh_hang",
   "fieldtype": "Link",
   "in_list_view": 1,
   "label": "Industry",
   "options": "DMS Industry",
   "reqd": 1
  },
  {
   "fetch_from": "nganh_hang.type",
   "fieldname": "industry_type",
   "fieldtype": "Data",
   "label": "Industry Type"
  }
 ],
 "index_web_pages_for_search": 1,
 "istable": 1,
 "links": [],
 "modified": "2024-04-20 08:53:35.711679",
 "modified_by": "Administrator",
 "module": "MBW DMS",
 "name": "Industrys",
 "owner": "Administrator",
 "permissions": [],
 "sort_field": "modified",
 "sort_order": "DESC",
 "states": []
}